fold,cvs_y
1,0.7916666666666666
2,0.8194444444444444
3,0.75
4,0.7916666666666666
5,0.8194444444444444
