fold,cvs_y
1,0.8333333333333334
2,0.8596491228070176
3,0.7894736842105263
4,0.7894736842105263
5,0.7876106194690266
