fold,cvs_y
1,0.7638888888888888
2,0.7361111111111112
3,0.8055555555555556
4,0.7638888888888888
5,0.7916666666666666
