fold,cvs_y
1,0.7777777777777778
2,0.8472222222222222
3,0.7083333333333334
4,0.7638888888888888
5,0.8055555555555556
