fold,cvs_y
1,0.7777777777777778
2,0.7083333333333334
3,0.8055555555555556
4,0.75
5,0.7222222222222222
