fold,cvs_y
1,0.8055555555555556
2,0.7361111111111112
3,0.8194444444444444
4,0.7916666666666666
5,0.8194444444444444
