fold,cvs_y
1,0.8194444444444444
2,0.75
3,0.8194444444444444
4,0.8055555555555556
5,0.875
