{"cvs mean": 0.8138888888888889, "cvs std": 0.03986861137335368, "cvs min": 0.75, "test auc": 0.816042203112692, "test accuracy": 0.7988826815642458}