{"cvs mean": 0.7527777777777779, "cvs std": 0.03557291243018249, "cvs min": 0.7083333333333334, "test auc": 0.6764528330229438, "test accuracy": 0.7486033519553073}