{"cvs mean": 0.7722222222222221, "cvs std": 0.024216105241892626, "cvs min": 0.7361111111111112, "test auc": 0.7378789318369472, "test accuracy": 0.776536312849162}