{"cvs mean": 0.7944444444444445, "cvs std": 0.030932024237944538, "cvs min": 0.7361111111111112, "test auc": 0.7776708227488952, "test accuracy": 0.7653631284916201}