{"cvs mean": 0.7916666666666666, "cvs std": 0.029133579115837523, "cvs min": 0.7361111111111112, "test auc": 0.7803409700803776, "test accuracy": 0.7597765363128491}