{"cvs mean": 0.7583333333333334, "cvs std": 0.03685138655950444, "cvs min": 0.7222222222222222, "test auc": 0.6796862263990502, "test accuracy": 0.7486033519553073}