{"cvs mean": 0.7944444444444445, "cvs std": 0.025458753860865768, "cvs min": 0.75, "test auc": 0.810620048720932, "test accuracy": 0.848314606741573}