{"cvs mean": 0.8119080888060861, "cvs std": 0.02944560906427418, "cvs min": 0.7876106194690266, "test auc": 0.8481415258881125, "test accuracy": 0.7902097902097902}