{"cvs mean": 0.7805555555555556, "cvs std": 0.04598040377013013, "cvs min": 0.7083333333333334, "test auc": 0.8069570494870231, "test accuracy": 0.8370786516853933}